url,canonical_now,canonical_final,action,why
"https://www.liquorlicenseagents.com/cities/alameda/alameda-county-type-85-limited-off-sale-wine-license","https://www.liquorlicenseagents.com/cities/alameda-county-type-85-limited-off-sale-wine-license/","https://www.liquorlicenseagents.com/cities/alameda/alameda-county-type-85-limited-off-sale-wine-license/","CHANGE TO THE TRAILING-SLASH URL","its canonical target /cities/alameda-county-type-85-limited-off-sale-wine-license/ returns 301, so pointing at it is a dead end; the trailing-slash spelling is the one this site uses everywhere else"
"https://www.liquorlicenseagents.com/cities/alameda/alameda-county-type-85-limited-off-sale-wine-license/","https://www.liquorlicenseagents.com/cities/alameda-county-type-85-limited-off-sale-wine-license/","https://www.liquorlicenseagents.com/cities/alameda/alameda-county-type-85-limited-off-sale-wine-license/","CHANGE TO SELF","its canonical target /cities/alameda-county-type-85-limited-off-sale-wine-license/ returns 301, so pointing at it is a dead end"
"https://www.liquorlicenseagents.com/cities/alameda/alameda-type-21-full-liquor-license-for-liquor-stores-off-sale","https://www.liquorlicenseagents.com/cities/alameda-type-21-full-liquor-license-for-liquor-stores-off-sale/","https://www.liquorlicenseagents.com/cities/alameda/alameda-type-21-full-liquor-license-for-liquor-stores-off-sale/","CHANGE TO THE TRAILING-SLASH URL","its canonical target /cities/alameda-type-21-full-liquor-license-for-liquor-stores-off-sale/ returns 301, so pointing at it is a dead end; the trailing-slash spelling is the one this site uses everywhere else"
"https://www.liquorlicenseagents.com/cities/alameda/alameda-type-21-full-liquor-license-for-liquor-stores-off-sale/","https://www.liquorlicenseagents.com/cities/alameda-type-21-full-liquor-license-for-liquor-stores-off-sale/","https://www.liquorlicenseagents.com/cities/alameda/alameda-type-21-full-liquor-license-for-liquor-stores-off-sale/","CHANGE TO SELF","its canonical target /cities/alameda-type-21-full-liquor-license-for-liquor-stores-off-sale/ returns 301, so pointing at it is a dead end"
"https://www.liquorlicenseagents.com/cities/alameda/alameda-type-21-liquor-license-for-full-liquor-off-sale-retailers","https://www.liquorlicenseagents.com/cities/alameda-type-21-liquor-license-for-full-liquor-off-sale-retailers/","https://www.liquorlicenseagents.com/cities/alameda/alameda-type-21-liquor-license-for-full-liquor-off-sale-retailers/","CHANGE TO THE TRAILING-SLASH URL","its canonical target /cities/alameda-type-21-liquor-license-for-full-liquor-off-sale-retailers/ returns 301, so pointing at it is a dead end; the trailing-slash spelling is the one this site uses everywhere else"
"https://www.liquorlicenseagents.com/cities/alameda/alameda-type-21-liquor-license-for-full-liquor-off-sale-retailers/","https://www.liquorlicenseagents.com/cities/alameda-type-21-liquor-license-for-full-liquor-off-sale-retailers/","https://www.liquorlicenseagents.com/cities/alameda/alameda-type-21-liquor-license-for-full-liquor-off-sale-retailers/","CHANGE TO SELF","its canonical target /cities/alameda-type-21-liquor-license-for-full-liquor-off-sale-retailers/ returns 301, so pointing at it is a dead end"
"https://www.liquorlicenseagents.com/cities/alameda/alameda-type-41-beer-and-wine-license-for-restaurants","https://www.liquorlicenseagents.com/cities/alameda-type-41-beer-and-wine-license-for-restaurants/","https://www.liquorlicenseagents.com/cities/alameda/alameda-type-41-beer-and-wine-license-for-restaurants/","CHANGE TO THE TRAILING-SLASH URL","its canonical target /cities/alameda-type-41-beer-and-wine-license-for-restaurants/ returns 301, so pointing at it is a dead end; the trailing-slash spelling is the one this site uses everywhere else"
"https://www.liquorlicenseagents.com/cities/alameda/alameda-type-41-beer-and-wine-license-for-restaurants/","https://www.liquorlicenseagents.com/cities/alameda-type-41-beer-and-wine-license-for-restaurants/","https://www.liquorlicenseagents.com/cities/alameda/alameda-type-41-beer-and-wine-license-for-restaurants/","CHANGE TO SELF","its canonical target /cities/alameda-type-41-beer-and-wine-license-for-restaurants/ returns 301, so pointing at it is a dead end"
"https://www.liquorlicenseagents.com/cities/chula-vista/chula-vista-liquor-licenses-for-restaurants-bars-and-retailers","https://www.liquorlicenseagents.com/cities/chula-vista-liquor-licenses-for-restaurants-bars-and-retailers/","https://www.liquorlicenseagents.com/cities/chula-vista/chula-vista-liquor-licenses-for-restaurants-bars-and-retailers/","CHANGE TO THE TRAILING-SLASH URL","its canonical target /cities/chula-vista-liquor-licenses-for-restaurants-bars-and-retailers/ returns 301, so pointing at it is a dead end; the trailing-slash spelling is the one this site uses everywhere else"
"https://www.liquorlicenseagents.com/cities/chula-vista/chula-vista-liquor-licenses-for-restaurants-bars-and-retailers/","https://www.liquorlicenseagents.com/cities/chula-vista-liquor-licenses-for-restaurants-bars-and-retailers/","https://www.liquorlicenseagents.com/cities/chula-vista/chula-vista-liquor-licenses-for-restaurants-bars-and-retailers/","CHANGE TO SELF","its canonical target /cities/chula-vista-liquor-licenses-for-restaurants-bars-and-retailers/ returns 301, so pointing at it is a dead end"
"https://www.liquorlicenseagents.com/cities/culver-city/culver-city-liquor-licenses-for-restaurants-bars-and-retailers","https://www.liquorlicenseagents.com/cities/culver-city-liquor-licenses-for-restaurants-bars-and-retailers/","https://www.liquorlicenseagents.com/cities/culver-city/culver-city-liquor-licenses-for-restaurants-bars-and-retailers/","CHANGE TO THE TRAILING-SLASH URL","its canonical target /cities/culver-city-liquor-licenses-for-restaurants-bars-and-retailers/ returns 301, so pointing at it is a dead end; the trailing-slash spelling is the one this site uses everywhere else"
"https://www.liquorlicenseagents.com/cities/culver-city/culver-city-liquor-licenses-for-restaurants-bars-and-retailers/","https://www.liquorlicenseagents.com/cities/culver-city-liquor-licenses-for-restaurants-bars-and-retailers/","https://www.liquorlicenseagents.com/cities/culver-city/culver-city-liquor-licenses-for-restaurants-bars-and-retailers/","CHANGE TO SELF","its canonical target /cities/culver-city-liquor-licenses-for-restaurants-bars-and-retailers/ returns 301, so pointing at it is a dead end"
"https://www.liquorlicenseagents.com/cities/daly-city/daly-city-liquor-licenses-for-restaurants-bars-and-retailers","https://www.liquorlicenseagents.com/cities/daly-city-liquor-licenses-for-restaurants-bars-and-retailers/","https://www.liquorlicenseagents.com/cities/daly-city/daly-city-liquor-licenses-for-restaurants-bars-and-retailers/","CHANGE TO THE TRAILING-SLASH URL","its canonical target /cities/daly-city-liquor-licenses-for-restaurants-bars-and-retailers/ returns 301, so pointing at it is a dead end; the trailing-slash spelling is the one this site uses everywhere else"
"https://www.liquorlicenseagents.com/cities/daly-city/daly-city-liquor-licenses-for-restaurants-bars-and-retailers/","https://www.liquorlicenseagents.com/cities/daly-city-liquor-licenses-for-restaurants-bars-and-retailers/","https://www.liquorlicenseagents.com/cities/daly-city/daly-city-liquor-licenses-for-restaurants-bars-and-retailers/","CHANGE TO SELF","its canonical target /cities/daly-city-liquor-licenses-for-restaurants-bars-and-retailers/ returns 301, so pointing at it is a dead end"
"https://www.liquorlicenseagents.com/cities/el-monte/el-monte-liquor-licenses-for-restaurants-bars-and-retailers","https://www.liquorlicenseagents.com/cities/el-monte-liquor-licenses-for-restaurants-bars-and-retailers/","https://www.liquorlicenseagents.com/cities/el-monte/el-monte-liquor-licenses-for-restaurants-bars-and-retailers/","CHANGE TO THE TRAILING-SLASH URL","its canonical target /cities/el-monte-liquor-licenses-for-restaurants-bars-and-retailers/ returns 301, so pointing at it is a dead end; the trailing-slash spelling is the one this site uses everywhere else"
"https://www.liquorlicenseagents.com/cities/el-monte/el-monte-liquor-licenses-for-restaurants-bars-and-retailers/","https://www.liquorlicenseagents.com/cities/el-monte-liquor-licenses-for-restaurants-bars-and-retailers/","https://www.liquorlicenseagents.com/cities/el-monte/el-monte-liquor-licenses-for-restaurants-bars-and-retailers/","CHANGE TO SELF","its canonical target /cities/el-monte-liquor-licenses-for-restaurants-bars-and-retailers/ returns 301, so pointing at it is a dead end"
"https://www.liquorlicenseagents.com/cities/fountain-valley/fountain-valley-liquor-licenses-for-restaurants-bars-and-retailers","https://www.liquorlicenseagents.com/cities/fountain-valley-liquor-licenses-for-restaurants-bars-and-retailers/","https://www.liquorlicenseagents.com/cities/fountain-valley/fountain-valley-liquor-licenses-for-restaurants-bars-and-retailers/","CHANGE TO THE TRAILING-SLASH URL","its canonical target /cities/fountain-valley-liquor-licenses-for-restaurants-bars-and-retailers/ returns 301, so pointing at it is a dead end; the trailing-slash spelling is the one this site uses everywhere else"
"https://www.liquorlicenseagents.com/cities/fountain-valley/fountain-valley-liquor-licenses-for-restaurants-bars-and-retailers/","https://www.liquorlicenseagents.com/cities/fountain-valley-liquor-licenses-for-restaurants-bars-and-retailers/","https://www.liquorlicenseagents.com/cities/fountain-valley/fountain-valley-liquor-licenses-for-restaurants-bars-and-retailers/","CHANGE TO SELF","its canonical target /cities/fountain-valley-liquor-licenses-for-restaurants-bars-and-retailers/ returns 301, so pointing at it is a dead end"
"https://www.liquorlicenseagents.com/cities/fresno/fresno-county-type-48-full-liquor-license-for-bars-and-nightclubs","https://www.liquorlicenseagents.com/cities/fresno-county-type-48-full-liquor-license-for-bars-and-nightclubs/","https://www.liquorlicenseagents.com/cities/fresno/fresno-county-type-48-full-liquor-license-for-bars-and-nightclubs/","CHANGE TO THE TRAILING-SLASH URL","its canonical target /cities/fresno-county-type-48-full-liquor-license-for-bars-and-nightclubs/ returns 301, so pointing at it is a dead end; the trailing-slash spelling is the one this site uses everywhere else"
"https://www.liquorlicenseagents.com/cities/fresno/fresno-county-type-48-full-liquor-license-for-bars-and-nightclubs/","https://www.liquorlicenseagents.com/cities/fresno-county-type-48-full-liquor-license-for-bars-and-nightclubs/","https://www.liquorlicenseagents.com/cities/fresno/fresno-county-type-48-full-liquor-license-for-bars-and-nightclubs/","CHANGE TO SELF","its canonical target /cities/fresno-county-type-48-full-liquor-license-for-bars-and-nightclubs/ returns 301, so pointing at it is a dead end"
"https://www.liquorlicenseagents.com/cities/huntington-park/huntington-park-liquor-licenses-for-restaurants-bars-and-retailers","https://www.liquorlicenseagents.com/cities/huntington-park-liquor-licenses-for-restaurants-bars-and-retailers/","https://www.liquorlicenseagents.com/cities/huntington-park/huntington-park-liquor-licenses-for-restaurants-bars-and-retailers/","CHANGE TO THE TRAILING-SLASH URL","its canonical target /cities/huntington-park-liquor-licenses-for-restaurants-bars-and-retailers/ returns 301, so pointing at it is a dead end; the trailing-slash spelling is the one this site uses everywhere else"
"https://www.liquorlicenseagents.com/cities/huntington-park/huntington-park-liquor-licenses-for-restaurants-bars-and-retailers/","https://www.liquorlicenseagents.com/cities/huntington-park-liquor-licenses-for-restaurants-bars-and-retailers/","https://www.liquorlicenseagents.com/cities/huntington-park/huntington-park-liquor-licenses-for-restaurants-bars-and-retailers/","CHANGE TO SELF","its canonical target /cities/huntington-park-liquor-licenses-for-restaurants-bars-and-retailers/ returns 301, so pointing at it is a dead end"
"https://www.liquorlicenseagents.com/cities/imperial-beach/imperial-beach-liquor-licenses-for-restaurants-bars-and-retailers","https://www.liquorlicenseagents.com/cities/imperial-beach-liquor-licenses-for-restaurants-bars-and-retailers/","https://www.liquorlicenseagents.com/cities/imperial-beach/imperial-beach-liquor-licenses-for-restaurants-bars-and-retailers/","CHANGE TO THE TRAILING-SLASH URL","its canonical target /cities/imperial-beach-liquor-licenses-for-restaurants-bars-and-retailers/ returns 301, so pointing at it is a dead end; the trailing-slash spelling is the one this site uses everywhere else"
"https://www.liquorlicenseagents.com/cities/imperial-beach/imperial-beach-liquor-licenses-for-restaurants-bars-and-retailers/","https://www.liquorlicenseagents.com/cities/imperial-beach-liquor-licenses-for-restaurants-bars-and-retailers/","https://www.liquorlicenseagents.com/cities/imperial-beach/imperial-beach-liquor-licenses-for-restaurants-bars-and-retailers/","CHANGE TO SELF","its canonical target /cities/imperial-beach-liquor-licenses-for-restaurants-bars-and-retailers/ returns 301, so pointing at it is a dead end"
"https://www.liquorlicenseagents.com/cities/la-habra/la-habra-liquor-licenses-for-restaurants-bars-and-retailers","https://www.liquorlicenseagents.com/cities/la-habra-liquor-licenses-for-restaurants-bars-and-retailers/","https://www.liquorlicenseagents.com/cities/la-habra/la-habra-liquor-licenses-for-restaurants-bars-and-retailers/","CHANGE TO THE TRAILING-SLASH URL","its canonical target /cities/la-habra-liquor-licenses-for-restaurants-bars-and-retailers/ returns 301, so pointing at it is a dead end; the trailing-slash spelling is the one this site uses everywhere else"
"https://www.liquorlicenseagents.com/cities/la-habra/la-habra-liquor-licenses-for-restaurants-bars-and-retailers/","https://www.liquorlicenseagents.com/cities/la-habra-liquor-licenses-for-restaurants-bars-and-retailers/","https://www.liquorlicenseagents.com/cities/la-habra/la-habra-liquor-licenses-for-restaurants-bars-and-retailers/","CHANGE TO SELF","its canonical target /cities/la-habra-liquor-licenses-for-restaurants-bars-and-retailers/ returns 301, so pointing at it is a dead end"
"https://www.liquorlicenseagents.com/cities/los-angeles/los-angeles-county-type-85-limited-off-sale-wine-license","https://www.liquorlicenseagents.com/cities/los-angeles-county-type-85-limited-off-sale-wine-license/","https://www.liquorlicenseagents.com/cities/los-angeles/los-angeles-county-type-85-limited-off-sale-wine-license/","CHANGE TO THE TRAILING-SLASH URL","its canonical target /cities/los-angeles-county-type-85-limited-off-sale-wine-license/ returns 301, so pointing at it is a dead end; the trailing-slash spelling is the one this site uses everywhere else"
"https://www.liquorlicenseagents.com/cities/los-angeles/los-angeles-county-type-85-limited-off-sale-wine-license/","https://www.liquorlicenseagents.com/cities/los-angeles-county-type-85-limited-off-sale-wine-license/","https://www.liquorlicenseagents.com/cities/los-angeles/los-angeles-county-type-85-limited-off-sale-wine-license/","CHANGE TO SELF","its canonical target /cities/los-angeles-county-type-85-limited-off-sale-wine-license/ returns 301, so pointing at it is a dead end"
"https://www.liquorlicenseagents.com/cities/monterey-park/monterey-park-liquor-licenses-for-restaurants-bars-and-retailers","https://www.liquorlicenseagents.com/cities/monterey-park-liquor-licenses-for-restaurants-bars-and-retailers/","https://www.liquorlicenseagents.com/cities/monterey-park/monterey-park-liquor-licenses-for-restaurants-bars-and-retailers/","CHANGE TO THE TRAILING-SLASH URL","its canonical target /cities/monterey-park-liquor-licenses-for-restaurants-bars-and-retailers/ returns 301, so pointing at it is a dead end; the trailing-slash spelling is the one this site uses everywhere else"
"https://www.liquorlicenseagents.com/cities/monterey-park/monterey-park-liquor-licenses-for-restaurants-bars-and-retailers/","https://www.liquorlicenseagents.com/cities/monterey-park-liquor-licenses-for-restaurants-bars-and-retailers/","https://www.liquorlicenseagents.com/cities/monterey-park/monterey-park-liquor-licenses-for-restaurants-bars-and-retailers/","CHANGE TO SELF","its canonical target /cities/monterey-park-liquor-licenses-for-restaurants-bars-and-retailers/ returns 301, so pointing at it is a dead end"
"https://www.liquorlicenseagents.com/cities/national-city/national-city-liquor-licenses-for-restaurants-bars-and-retailers","https://www.liquorlicenseagents.com/cities/national-city-liquor-licenses-for-restaurants-bars-and-retailers/","https://www.liquorlicenseagents.com/cities/national-city/national-city-liquor-licenses-for-restaurants-bars-and-retailers/","CHANGE TO THE TRAILING-SLASH URL","its canonical target /cities/national-city-liquor-licenses-for-restaurants-bars-and-retailers/ returns 301, so pointing at it is a dead end; the trailing-slash spelling is the one this site uses everywhere else"
"https://www.liquorlicenseagents.com/cities/national-city/national-city-liquor-licenses-for-restaurants-bars-and-retailers/","https://www.liquorlicenseagents.com/cities/national-city-liquor-licenses-for-restaurants-bars-and-retailers/","https://www.liquorlicenseagents.com/cities/national-city/national-city-liquor-licenses-for-restaurants-bars-and-retailers/","CHANGE TO SELF","its canonical target /cities/national-city-liquor-licenses-for-restaurants-bars-and-retailers/ returns 301, so pointing at it is a dead end"
"https://www.liquorlicenseagents.com/cities/newport-beach/newport-beach-liquor-licenses-for-restaurants-bars-and-retailers","https://www.liquorlicenseagents.com/cities/newport-beach-liquor-licenses-for-restaurants-bars-and-retailers/","https://www.liquorlicenseagents.com/cities/newport-beach/newport-beach-liquor-licenses-for-restaurants-bars-and-retailers/","CHANGE TO THE TRAILING-SLASH URL","its canonical target /cities/newport-beach-liquor-licenses-for-restaurants-bars-and-retailers/ returns 301, so pointing at it is a dead end; the trailing-slash spelling is the one this site uses everywhere else"
"https://www.liquorlicenseagents.com/cities/newport-beach/newport-beach-liquor-licenses-for-restaurants-bars-and-retailers/","https://www.liquorlicenseagents.com/cities/newport-beach-liquor-licenses-for-restaurants-bars-and-retailers/","https://www.liquorlicenseagents.com/cities/newport-beach/newport-beach-liquor-licenses-for-restaurants-bars-and-retailers/","CHANGE TO SELF","its canonical target /cities/newport-beach-liquor-licenses-for-restaurants-bars-and-retailers/ returns 301, so pointing at it is a dead end"
"https://www.liquorlicenseagents.com/cities/palm-springs/palm-springs-liquor-licenses-for-restaurants-bars-and-retailers","https://www.liquorlicenseagents.com/cities/palm-springs-liquor-licenses-for-restaurants-bars-and-retailers/","https://www.liquorlicenseagents.com/cities/palm-springs/palm-springs-liquor-licenses-for-restaurants-bars-and-retailers/","CHANGE TO THE TRAILING-SLASH URL","its canonical target /cities/palm-springs-liquor-licenses-for-restaurants-bars-and-retailers/ returns 301, so pointing at it is a dead end; the trailing-slash spelling is the one this site uses everywhere else"
"https://www.liquorlicenseagents.com/cities/palm-springs/palm-springs-liquor-licenses-for-restaurants-bars-and-retailers/","https://www.liquorlicenseagents.com/cities/palm-springs-liquor-licenses-for-restaurants-bars-and-retailers/","https://www.liquorlicenseagents.com/cities/palm-springs/palm-springs-liquor-licenses-for-restaurants-bars-and-retailers/","CHANGE TO SELF","its canonical target /cities/palm-springs-liquor-licenses-for-restaurants-bars-and-retailers/ returns 301, so pointing at it is a dead end"
"https://www.liquorlicenseagents.com/cities/rancho-mirage/rancho-mirage-liquor-licenses-for-restaurants-bars-and-retailers","https://www.liquorlicenseagents.com/cities/rancho-mirage-liquor-licenses-for-restaurants-bars-and-retailers/","https://www.liquorlicenseagents.com/cities/rancho-mirage/rancho-mirage-liquor-licenses-for-restaurants-bars-and-retailers/","CHANGE TO THE TRAILING-SLASH URL","its canonical target /cities/rancho-mirage-liquor-licenses-for-restaurants-bars-and-retailers/ returns 301, so pointing at it is a dead end; the trailing-slash spelling is the one this site uses everywhere else"
"https://www.liquorlicenseagents.com/cities/rancho-mirage/rancho-mirage-liquor-licenses-for-restaurants-bars-and-retailers/","https://www.liquorlicenseagents.com/cities/rancho-mirage-liquor-licenses-for-restaurants-bars-and-retailers/","https://www.liquorlicenseagents.com/cities/rancho-mirage/rancho-mirage-liquor-licenses-for-restaurants-bars-and-retailers/","CHANGE TO SELF","its canonical target /cities/rancho-mirage-liquor-licenses-for-restaurants-bars-and-retailers/ returns 301, so pointing at it is a dead end"
"https://www.liquorlicenseagents.com/cities/rancho-palos-verdes/rancho-palos-verdes-liquor-licenses-for-restaurants-bars-and-retailers","https://www.liquorlicenseagents.com/cities/rancho-palos-verdes-liquor-licenses-for-restaurants-bars-and-retailers/","https://www.liquorlicenseagents.com/cities/rancho-palos-verdes/rancho-palos-verdes-liquor-licenses-for-restaurants-bars-and-retailers/","CHANGE TO THE TRAILING-SLASH URL","its canonical target /cities/rancho-palos-verdes-liquor-licenses-for-restaurants-bars-and-retailers/ returns 301, so pointing at it is a dead end; the trailing-slash spelling is the one this site uses everywhere else"
"https://www.liquorlicenseagents.com/cities/rancho-palos-verdes/rancho-palos-verdes-liquor-licenses-for-restaurants-bars-and-retailers/","https://www.liquorlicenseagents.com/cities/rancho-palos-verdes-liquor-licenses-for-restaurants-bars-and-retailers/","https://www.liquorlicenseagents.com/cities/rancho-palos-verdes/rancho-palos-verdes-liquor-licenses-for-restaurants-bars-and-retailers/","CHANGE TO SELF","its canonical target /cities/rancho-palos-verdes-liquor-licenses-for-restaurants-bars-and-retailers/ returns 301, so pointing at it is a dead end"
"https://www.liquorlicenseagents.com/cities/rolling-hills/rolling-hills-liquor-licenses-for-restaurants-bars-and-retailers","https://www.liquorlicenseagents.com/cities/rolling-hills-liquor-licenses-for-restaurants-bars-and-retailers/","https://www.liquorlicenseagents.com/cities/rolling-hills/rolling-hills-liquor-licenses-for-restaurants-bars-and-retailers/","CHANGE TO THE TRAILING-SLASH URL","its canonical target /cities/rolling-hills-liquor-licenses-for-restaurants-bars-and-retailers/ returns 301, so pointing at it is a dead end; the trailing-slash spelling is the one this site uses everywhere else"
"https://www.liquorlicenseagents.com/cities/rolling-hills/rolling-hills-liquor-licenses-for-restaurants-bars-and-retailers/","https://www.liquorlicenseagents.com/cities/rolling-hills-liquor-licenses-for-restaurants-bars-and-retailers/","https://www.liquorlicenseagents.com/cities/rolling-hills/rolling-hills-liquor-licenses-for-restaurants-bars-and-retailers/","CHANGE TO SELF","its canonical target /cities/rolling-hills-liquor-licenses-for-restaurants-bars-and-retailers/ returns 301, so pointing at it is a dead end"
"https://www.liquorlicenseagents.com/cities/san-diego/san-diego-county-type-21-full-liquor-license-for-liquor-stores","https://www.liquorlicenseagents.com/cities/san-diego-county-type-21-full-liquor-license-for-liquor-stores/","https://www.liquorlicenseagents.com/cities/san-diego/san-diego-county-type-21-full-liquor-license-for-liquor-stores/","CHANGE TO THE TRAILING-SLASH URL","its canonical target /cities/san-diego-county-type-21-full-liquor-license-for-liquor-stores/ returns 301, so pointing at it is a dead end; the trailing-slash spelling is the one this site uses everywhere else"
"https://www.liquorlicenseagents.com/cities/san-diego/san-diego-county-type-21-full-liquor-license-for-liquor-stores/","https://www.liquorlicenseagents.com/cities/san-diego-county-type-21-full-liquor-license-for-liquor-stores/","https://www.liquorlicenseagents.com/cities/san-diego/san-diego-county-type-21-full-liquor-license-for-liquor-stores/","CHANGE TO SELF","its canonical target /cities/san-diego-county-type-21-full-liquor-license-for-liquor-stores/ returns 301, so pointing at it is a dead end"
"https://www.liquorlicenseagents.com/cities/san-diego/san-diego-county-type-42-on-sale-beer-and-wine-public-premises-license","https://www.liquorlicenseagents.com/cities/san-diego-county-type-42-on-sale-beer-and-wine-public-premises-license/","https://www.liquorlicenseagents.com/cities/san-diego/san-diego-county-type-42-on-sale-beer-and-wine-public-premises-license/","CHANGE TO THE TRAILING-SLASH URL","its canonical target /cities/san-diego-county-type-42-on-sale-beer-and-wine-public-premises-license/ returns 301, so pointing at it is a dead end; the trailing-slash spelling is the one this site uses everywhere else"
"https://www.liquorlicenseagents.com/cities/san-diego/san-diego-county-type-42-on-sale-beer-and-wine-public-premises-license/","https://www.liquorlicenseagents.com/cities/san-diego-county-type-42-on-sale-beer-and-wine-public-premises-license/","https://www.liquorlicenseagents.com/cities/san-diego/san-diego-county-type-42-on-sale-beer-and-wine-public-premises-license/","CHANGE TO SELF","its canonical target /cities/san-diego-county-type-42-on-sale-beer-and-wine-public-premises-license/ returns 301, so pointing at it is a dead end"
"https://www.liquorlicenseagents.com/cities/san-diego/san-diego-county-type-48-full-liquor-license-for-bars-and-nightclubs","https://www.liquorlicenseagents.com/cities/san-diego-county-type-48-full-liquor-license-for-bars-and-nightclubs/","https://www.liquorlicenseagents.com/cities/san-diego/san-diego-county-type-48-full-liquor-license-for-bars-and-nightclubs/","CHANGE TO THE TRAILING-SLASH URL","its canonical target /cities/san-diego-county-type-48-full-liquor-license-for-bars-and-nightclubs/ returns 301, so pointing at it is a dead end; the trailing-slash spelling is the one this site uses everywhere else"
"https://www.liquorlicenseagents.com/cities/san-diego/san-diego-county-type-48-full-liquor-license-for-bars-and-nightclubs/","https://www.liquorlicenseagents.com/cities/san-diego-county-type-48-full-liquor-license-for-bars-and-nightclubs/","https://www.liquorlicenseagents.com/cities/san-diego/san-diego-county-type-48-full-liquor-license-for-bars-and-nightclubs/","CHANGE TO SELF","its canonical target /cities/san-diego-county-type-48-full-liquor-license-for-bars-and-nightclubs/ returns 301, so pointing at it is a dead end"
"https://www.liquorlicenseagents.com/cities/san-diego/san-diego-county-type-85-limited-off-sale-wine-license","https://www.liquorlicenseagents.com/cities/san-diego-county-type-85-limited-off-sale-wine-license/","https://www.liquorlicenseagents.com/cities/san-diego/san-diego-county-type-85-limited-off-sale-wine-license/","CHANGE TO THE TRAILING-SLASH URL","its canonical target /cities/san-diego-county-type-85-limited-off-sale-wine-license/ returns 301, so pointing at it is a dead end; the trailing-slash spelling is the one this site uses everywhere else"
"https://www.liquorlicenseagents.com/cities/san-diego/san-diego-county-type-85-limited-off-sale-wine-license/","https://www.liquorlicenseagents.com/cities/san-diego-county-type-85-limited-off-sale-wine-license/","https://www.liquorlicenseagents.com/cities/san-diego/san-diego-county-type-85-limited-off-sale-wine-license/","CHANGE TO SELF","its canonical target /cities/san-diego-county-type-85-limited-off-sale-wine-license/ returns 301, so pointing at it is a dead end"
"https://www.liquorlicenseagents.com/cities/san-francisco-liquor-licenses-for-restaurants-bars-and-retailers","https://www.liquorlicenseagents.com/cities/san-francisco-liquor-licenses-for-restaurants-bars-and-retailers/","","DELETE THE PAGE","San Francisco city page, marked for removal"
"https://www.liquorlicenseagents.com/cities/san-francisco-liquor-licenses-for-restaurants-bars-and-retailers/","https://www.liquorlicenseagents.com/cities/san-francisco-liquor-licenses-for-restaurants-bars-and-retailers/","","DELETE THE PAGE","San Francisco city page, marked for removal"
"https://www.liquorlicenseagents.com/cities/san-francisco-type-20-liquor-license-for-beer-and-wine-off-sale","https://www.liquorlicenseagents.com/cities/san-francisco-type-20-liquor-license-for-beer-and-wine-off-sale/","","DELETE THE PAGE","San Francisco city page, marked for removal"
"https://www.liquorlicenseagents.com/cities/san-francisco-type-20-liquor-license-for-beer-and-wine-off-sale/","https://www.liquorlicenseagents.com/cities/san-francisco-type-20-liquor-license-for-beer-and-wine-off-sale/","","DELETE THE PAGE","San Francisco city page, marked for removal"
"https://www.liquorlicenseagents.com/cities/san-francisco-type-41-beer-and-wine-license-for-restaurants","https://www.liquorlicenseagents.com/cities/san-francisco-type-41-beer-and-wine-license-for-restaurants/","","DELETE THE PAGE","San Francisco city page, marked for removal"
"https://www.liquorlicenseagents.com/cities/san-francisco-type-41-beer-and-wine-license-for-restaurants/","https://www.liquorlicenseagents.com/cities/san-francisco-type-41-beer-and-wine-license-for-restaurants/","","DELETE THE PAGE","San Francisco city page, marked for removal"
"https://www.liquorlicenseagents.com/cities/san-francisco-type-47-full-liquor-license-for-restaurants","https://www.liquorlicenseagents.com/cities/san-francisco-type-47-full-liquor-license-for-restaurants/","","DELETE THE PAGE","San Francisco city page, marked for removal"
"https://www.liquorlicenseagents.com/cities/san-francisco-type-47-full-liquor-license-for-restaurants/","https://www.liquorlicenseagents.com/cities/san-francisco-type-47-full-liquor-license-for-restaurants/","","DELETE THE PAGE","San Francisco city page, marked for removal"
"https://www.liquorlicenseagents.com/cities/san-francisco/san-francisco-liquor-licenses-for-restaurants-bars-and-retailers","https://www.liquorlicenseagents.com/cities/san-francisco-liquor-licenses-for-restaurants-bars-and-retailers/","","DELETE THE PAGE","San Francisco city page, marked for removal"
"https://www.liquorlicenseagents.com/cities/san-francisco/san-francisco-liquor-licenses-for-restaurants-bars-and-retailers/","https://www.liquorlicenseagents.com/cities/san-francisco-liquor-licenses-for-restaurants-bars-and-retailers/","","DELETE THE PAGE","San Francisco city page, marked for removal"
"https://www.liquorlicenseagents.com/cities/san-francisco/san-francisco-type-20-liquor-license-for-beer-and-wine-off-sale","https://www.liquorlicenseagents.com/cities/san-francisco-type-20-liquor-license-for-beer-and-wine-off-sale/","","DELETE THE PAGE","San Francisco city page, marked for removal"
"https://www.liquorlicenseagents.com/cities/san-francisco/san-francisco-type-20-liquor-license-for-beer-and-wine-off-sale/","https://www.liquorlicenseagents.com/cities/san-francisco-type-20-liquor-license-for-beer-and-wine-off-sale/","","DELETE THE PAGE","San Francisco city page, marked for removal"
"https://www.liquorlicenseagents.com/cities/san-francisco/san-francisco-type-21-full-liquor-license-for-liquor-stores","https://www.liquorlicenseagents.com/cities/san-francisco-type-21-full-liquor-license-for-liquor-stores/","","DELETE THE PAGE","San Francisco city page, marked for removal"
"https://www.liquorlicenseagents.com/cities/san-francisco/san-francisco-type-21-full-liquor-license-for-liquor-stores/","https://www.liquorlicenseagents.com/cities/san-francisco-type-21-full-liquor-license-for-liquor-stores/","","DELETE THE PAGE","San Francisco city page, marked for removal"
"https://www.liquorlicenseagents.com/cities/san-francisco/san-francisco-type-41-beer-and-wine-license-for-restaurants","https://www.liquorlicenseagents.com/cities/san-francisco-type-41-beer-and-wine-license-for-restaurants/","","DELETE THE PAGE","San Francisco city page, marked for removal"
"https://www.liquorlicenseagents.com/cities/san-francisco/san-francisco-type-41-beer-and-wine-license-for-restaurants/","https://www.liquorlicenseagents.com/cities/san-francisco-type-41-beer-and-wine-license-for-restaurants/","","DELETE THE PAGE","San Francisco city page, marked for removal"
"https://www.liquorlicenseagents.com/cities/san-francisco/san-francisco-type-47-full-liquor-license-for-restaurants","https://www.liquorlicenseagents.com/cities/san-francisco-type-47-full-liquor-license-for-restaurants/","","DELETE THE PAGE","San Francisco city page, marked for removal"
"https://www.liquorlicenseagents.com/cities/san-francisco/san-francisco-type-47-full-liquor-license-for-restaurants/","https://www.liquorlicenseagents.com/cities/san-francisco-type-47-full-liquor-license-for-restaurants/","","DELETE THE PAGE","San Francisco city page, marked for removal"
"https://www.liquorlicenseagents.com/cities/san-francisco/san-francisco-type-48-full-liquor-license-for-bars-and-nightclubs","https://www.liquorlicenseagents.com/cities/san-francisco-type-48-full-liquor-license-for-bars-and-nightclubs/","","DELETE THE PAGE","San Francisco city page, marked for removal"
"https://www.liquorlicenseagents.com/cities/san-francisco/san-francisco-type-48-full-liquor-license-for-bars-and-nightclubs/","https://www.liquorlicenseagents.com/cities/san-francisco-type-48-full-liquor-license-for-bars-and-nightclubs/","","DELETE THE PAGE","San Francisco city page, marked for removal"
"https://www.liquorlicenseagents.com/cities/san-gabriel/san-gabriel-liquor-licenses-for-restaurants-bars-and-retailers-1","https://www.liquorlicenseagents.com/cities/san-gabriel-liquor-licenses-for-restaurants-bars-and-retailers-1/","https://www.liquorlicenseagents.com/cities/san-gabriel/san-gabriel-liquor-licenses-for-restaurants-bars-and-retailers-1/","CHANGE TO THE TRAILING-SLASH URL","its canonical target /cities/san-gabriel-liquor-licenses-for-restaurants-bars-and-retailers-1/ returns 301, so pointing at it is a dead end; the trailing-slash spelling is the one this site uses everywhere else"
"https://www.liquorlicenseagents.com/cities/san-gabriel/san-gabriel-liquor-licenses-for-restaurants-bars-and-retailers-1/","https://www.liquorlicenseagents.com/cities/san-gabriel-liquor-licenses-for-restaurants-bars-and-retailers-1/","https://www.liquorlicenseagents.com/cities/san-gabriel/san-gabriel-liquor-licenses-for-restaurants-bars-and-retailers-1/","CHANGE TO SELF","its canonical target /cities/san-gabriel-liquor-licenses-for-restaurants-bars-and-retailers-1/ returns 301, so pointing at it is a dead end"
"https://www.liquorlicenseagents.com/cities/san-jose/san-jose-liquor-licenses-for-restaurants-bars-and-retailers","https://www.liquorlicenseagents.com/cities/san-jose-liquor-licenses-for-restaurants-bars-and-retailers/","https://www.liquorlicenseagents.com/cities/san-jose/san-jose-liquor-licenses-for-restaurants-bars-and-retailers/","CHANGE TO THE TRAILING-SLASH URL","its canonical target /cities/san-jose-liquor-licenses-for-restaurants-bars-and-retailers/ returns 301, so pointing at it is a dead end; the trailing-slash spelling is the one this site uses everywhere else"
"https://www.liquorlicenseagents.com/cities/san-jose/san-jose-liquor-licenses-for-restaurants-bars-and-retailers/","https://www.liquorlicenseagents.com/cities/san-jose-liquor-licenses-for-restaurants-bars-and-retailers/","https://www.liquorlicenseagents.com/cities/san-jose/san-jose-liquor-licenses-for-restaurants-bars-and-retailers/","CHANGE TO SELF","its canonical target /cities/san-jose-liquor-licenses-for-restaurants-bars-and-retailers/ returns 301, so pointing at it is a dead end"
"https://www.liquorlicenseagents.com/cities/san-juan-capistrano/san-juan-capistrano-liquor-licenses-for-restaurants-bars-and-retailers","https://www.liquorlicenseagents.com/cities/san-juan-capistrano-liquor-licenses-for-restaurants-bars-and-retailers/","https://www.liquorlicenseagents.com/cities/san-juan-capistrano/san-juan-capistrano-liquor-licenses-for-restaurants-bars-and-retailers/","CHANGE TO THE TRAILING-SLASH URL","its canonical target /cities/san-juan-capistrano-liquor-licenses-for-restaurants-bars-and-retailers/ returns 301, so pointing at it is a dead end; the trailing-slash spelling is the one this site uses everywhere else"
"https://www.liquorlicenseagents.com/cities/san-juan-capistrano/san-juan-capistrano-liquor-licenses-for-restaurants-bars-and-retailers/","https://www.liquorlicenseagents.com/cities/san-juan-capistrano-liquor-licenses-for-restaurants-bars-and-retailers/","https://www.liquorlicenseagents.com/cities/san-juan-capistrano/san-juan-capistrano-liquor-licenses-for-restaurants-bars-and-retailers/","CHANGE TO SELF","its canonical target /cities/san-juan-capistrano-liquor-licenses-for-restaurants-bars-and-retailers/ returns 301, so pointing at it is a dead end"
"https://www.liquorlicenseagents.com/cities/santa-barbara/city-of-santa-barbara-liquor-licenses-for-restaurants-bars-and-retailers","https://www.liquorlicenseagents.com/cities/city-of-santa-barbara-liquor-licenses-for-restaurants-bars-and-retailers/","https://www.liquorlicenseagents.com/cities/santa-barbara/city-of-santa-barbara-liquor-licenses-for-restaurants-bars-and-retailers/","CHANGE TO THE TRAILING-SLASH URL","its canonical target /cities/city-of-santa-barbara-liquor-licenses-for-restaurants-bars-and-retailers/ returns 301, so pointing at it is a dead end; the trailing-slash spelling is the one this site uses everywhere else"
"https://www.liquorlicenseagents.com/cities/santa-barbara/city-of-santa-barbara-liquor-licenses-for-restaurants-bars-and-retailers/","https://www.liquorlicenseagents.com/cities/city-of-santa-barbara-liquor-licenses-for-restaurants-bars-and-retailers/","https://www.liquorlicenseagents.com/cities/santa-barbara/city-of-santa-barbara-liquor-licenses-for-restaurants-bars-and-retailers/","CHANGE TO SELF","its canonical target /cities/city-of-santa-barbara-liquor-licenses-for-restaurants-bars-and-retailers/ returns 301, so pointing at it is a dead end"
"https://www.liquorlicenseagents.com/cities/signal-hill-estates/signal-hill-liquor-licenses-for-restaurants-bars-and-retailers","https://www.liquorlicenseagents.com/cities/signal-hill-liquor-licenses-for-restaurants-bars-and-retailers/","https://www.liquorlicenseagents.com/cities/signal-hill-estates/signal-hill-liquor-licenses-for-restaurants-bars-and-retailers/","CHANGE TO THE TRAILING-SLASH URL","its canonical target /cities/signal-hill-liquor-licenses-for-restaurants-bars-and-retailers/ returns 301, so pointing at it is a dead end; the trailing-slash spelling is the one this site uses everywhere else"
"https://www.liquorlicenseagents.com/cities/signal-hill-estates/signal-hill-liquor-licenses-for-restaurants-bars-and-retailers/","https://www.liquorlicenseagents.com/cities/signal-hill-liquor-licenses-for-restaurants-bars-and-retailers/","https://www.liquorlicenseagents.com/cities/signal-hill-estates/signal-hill-liquor-licenses-for-restaurants-bars-and-retailers/","CHANGE TO SELF","its canonical target /cities/signal-hill-liquor-licenses-for-restaurants-bars-and-retailers/ returns 301, so pointing at it is a dead end"
"https://www.liquorlicenseagents.com/cities/simi-valley/simi-valley-liquor-licenses-for-new-and-existing-businesses","https://www.liquorlicenseagents.com/cities/simi-valley-liquor-licenses-for-new-and-existing-businesses/","https://www.liquorlicenseagents.com/cities/simi-valley/simi-valley-liquor-licenses-for-new-and-existing-businesses/","CHANGE TO THE TRAILING-SLASH URL","its canonical target /cities/simi-valley-liquor-licenses-for-new-and-existing-businesses/ returns 301, so pointing at it is a dead end; the trailing-slash spelling is the one this site uses everywhere else"
"https://www.liquorlicenseagents.com/cities/simi-valley/simi-valley-liquor-licenses-for-new-and-existing-businesses/","https://www.liquorlicenseagents.com/cities/simi-valley-liquor-licenses-for-new-and-existing-businesses/","https://www.liquorlicenseagents.com/cities/simi-valley/simi-valley-liquor-licenses-for-new-and-existing-businesses/","CHANGE TO SELF","its canonical target /cities/simi-valley-liquor-licenses-for-new-and-existing-businesses/ returns 301, so pointing at it is a dead end"
"https://www.liquorlicenseagents.com/cities/south-pasadena/south-pasadena-liquor-licenses-for-restaurants-bars-and-retailers","https://www.liquorlicenseagents.com/cities/south-pasadena-liquor-licenses-for-restaurants-bars-and-retailers/","https://www.liquorlicenseagents.com/cities/south-pasadena/south-pasadena-liquor-licenses-for-restaurants-bars-and-retailers/","CHANGE TO THE TRAILING-SLASH URL","its canonical target /cities/south-pasadena-liquor-licenses-for-restaurants-bars-and-retailers/ returns 301, so pointing at it is a dead end; the trailing-slash spelling is the one this site uses everywhere else"
"https://www.liquorlicenseagents.com/cities/south-pasadena/south-pasadena-liquor-licenses-for-restaurants-bars-and-retailers/","https://www.liquorlicenseagents.com/cities/south-pasadena-liquor-licenses-for-restaurants-bars-and-retailers/","https://www.liquorlicenseagents.com/cities/south-pasadena/south-pasadena-liquor-licenses-for-restaurants-bars-and-retailers/","CHANGE TO SELF","its canonical target /cities/south-pasadena-liquor-licenses-for-restaurants-bars-and-retailers/ returns 301, so pointing at it is a dead end"
"https://www.liquorlicenseagents.com/counties/amador-county/amador-county-liquor-licenses-for-restaurants-bars-and-retailers","https://www.liquorlicenseagents.com/counties/amador-county-liquor-licenses-for-restaurants-bars-and-retailers/","https://www.liquorlicenseagents.com/counties/amador-county/amador-county-liquor-licenses-for-restaurants-bars-and-retailers/","CHANGE TO THE TRAILING-SLASH URL","its canonical target /counties/amador-county-liquor-licenses-for-restaurants-bars-and-retailers/ returns 301, so pointing at it is a dead end; the trailing-slash spelling is the one this site uses everywhere else"
"https://www.liquorlicenseagents.com/counties/amador-county/amador-county-liquor-licenses-for-restaurants-bars-and-retailers/","https://www.liquorlicenseagents.com/counties/amador-county-liquor-licenses-for-restaurants-bars-and-retailers/","https://www.liquorlicenseagents.com/counties/amador-county/amador-county-liquor-licenses-for-restaurants-bars-and-retailers/","CHANGE TO SELF","its canonical target /counties/amador-county-liquor-licenses-for-restaurants-bars-and-retailers/ returns 301, so pointing at it is a dead end"
"https://www.liquorlicenseagents.com/counties/florida-county/nassau-county-florida-liquor-licenses-for-restaurants-bars-and-retailers","https://www.liquorlicenseagents.com/counties/nassau-county-florida-liquor-licenses-for-restaurants-bars-and-retailers/","https://www.liquorlicenseagents.com/counties/florida-county/nassau-county-florida-liquor-licenses-for-restaurants-bars-and-retailers/","CHANGE TO THE TRAILING-SLASH URL","its canonical target /counties/nassau-county-florida-liquor-licenses-for-restaurants-bars-and-retailers/ returns 301, so pointing at it is a dead end; the trailing-slash spelling is the one this site uses everywhere else"
"https://www.liquorlicenseagents.com/counties/florida-county/nassau-county-florida-liquor-licenses-for-restaurants-bars-and-retailers/","https://www.liquorlicenseagents.com/counties/nassau-county-florida-liquor-licenses-for-restaurants-bars-and-retailers/","https://www.liquorlicenseagents.com/counties/florida-county/nassau-county-florida-liquor-licenses-for-restaurants-bars-and-retailers/","CHANGE TO SELF","its canonical target /counties/nassau-county-florida-liquor-licenses-for-restaurants-bars-and-retailers/ returns 301, so pointing at it is a dead end"
"https://www.liquorlicenseagents.com/counties/florida-county/sarasota-county-florida-liquor-licenses-for-restaurants-bars-and-retailers","https://www.liquorlicenseagents.com/counties/sarasota-county-florida-liquor-licenses-for-restaurants-bars-and-retailers/","https://www.liquorlicenseagents.com/counties/florida-county/sarasota-county-florida-liquor-licenses-for-restaurants-bars-and-retailers/","CHANGE TO THE TRAILING-SLASH URL","its canonical target /counties/sarasota-county-florida-liquor-licenses-for-restaurants-bars-and-retailers/ returns 301, so pointing at it is a dead end; the trailing-slash spelling is the one this site uses everywhere else"
"https://www.liquorlicenseagents.com/counties/florida-county/sarasota-county-florida-liquor-licenses-for-restaurants-bars-and-retailers/","https://www.liquorlicenseagents.com/counties/sarasota-county-florida-liquor-licenses-for-restaurants-bars-and-retailers/","https://www.liquorlicenseagents.com/counties/florida-county/sarasota-county-florida-liquor-licenses-for-restaurants-bars-and-retailers/","CHANGE TO SELF","its canonical target /counties/sarasota-county-florida-liquor-licenses-for-restaurants-bars-and-retailers/ returns 301, so pointing at it is a dead end"
"https://www.liquorlicenseagents.com/counties/fresno-county/fresno-county-liquor-licenses-for-restaurants-bars-and-retailers","https://www.liquorlicenseagents.com/counties/fresno-county-liquor-licenses-for-restaurants-bars-and-retailers/","https://www.liquorlicenseagents.com/counties/fresno-county/fresno-county-liquor-licenses-for-restaurants-bars-and-retailers/","CHANGE TO THE TRAILING-SLASH URL","its canonical target /counties/fresno-county-liquor-licenses-for-restaurants-bars-and-retailers/ returns 301, so pointing at it is a dead end; the trailing-slash spelling is the one this site uses everywhere else"
"https://www.liquorlicenseagents.com/counties/fresno-county/fresno-county-liquor-licenses-for-restaurants-bars-and-retailers/","https://www.liquorlicenseagents.com/counties/fresno-county-liquor-licenses-for-restaurants-bars-and-retailers/","https://www.liquorlicenseagents.com/counties/fresno-county/fresno-county-liquor-licenses-for-restaurants-bars-and-retailers/","CHANGE TO SELF","its canonical target /counties/fresno-county-liquor-licenses-for-restaurants-bars-and-retailers/ returns 301, so pointing at it is a dead end"
"https://www.liquorlicenseagents.com/counties/glenn-county/glenn-county-liquor-licenses-for-restaurants-bars-and-retailers","https://www.liquorlicenseagents.com/counties/glenn-county-liquor-licenses-for-restaurants-bars-and-retailers/","https://www.liquorlicenseagents.com/counties/glenn-county/glenn-county-liquor-licenses-for-restaurants-bars-and-retailers/","CHANGE TO THE TRAILING-SLASH URL","its canonical target /counties/glenn-county-liquor-licenses-for-restaurants-bars-and-retailers/ returns 301, so pointing at it is a dead end; the trailing-slash spelling is the one this site uses everywhere else"
"https://www.liquorlicenseagents.com/counties/glenn-county/glenn-county-liquor-licenses-for-restaurants-bars-and-retailers/","https://www.liquorlicenseagents.com/counties/glenn-county-liquor-licenses-for-restaurants-bars-and-retailers/","https://www.liquorlicenseagents.com/counties/glenn-county/glenn-county-liquor-licenses-for-restaurants-bars-and-retailers/","CHANGE TO SELF","its canonical target /counties/glenn-county-liquor-licenses-for-restaurants-bars-and-retailers/ returns 301, so pointing at it is a dead end"
"https://www.liquorlicenseagents.com/counties/inyo-county/inyo-county-liquor-licenses-for-restaurants-bars-and-retailers","https://www.liquorlicenseagents.com/counties/inyo-county-liquor-licenses-for-restaurants-bars-and-retailers/","https://www.liquorlicenseagents.com/counties/inyo-county/inyo-county-liquor-licenses-for-restaurants-bars-and-retailers/","CHANGE TO THE TRAILING-SLASH URL","its canonical target /counties/inyo-county-liquor-licenses-for-restaurants-bars-and-retailers/ returns 301, so pointing at it is a dead end; the trailing-slash spelling is the one this site uses everywhere else"
"https://www.liquorlicenseagents.com/counties/inyo-county/inyo-county-liquor-licenses-for-restaurants-bars-and-retailers/","https://www.liquorlicenseagents.com/counties/inyo-county-liquor-licenses-for-restaurants-bars-and-retailers/","https://www.liquorlicenseagents.com/counties/inyo-county/inyo-county-liquor-licenses-for-restaurants-bars-and-retailers/","CHANGE TO SELF","its canonical target /counties/inyo-county-liquor-licenses-for-restaurants-bars-and-retailers/ returns 301, so pointing at it is a dead end"
"https://www.liquorlicenseagents.com/counties/orange-county/orange-county-liquor-licenses-for-restaurants-bars-and-nightlife-venues","https://www.liquorlicenseagents.com/counties/orange-county-liquor-licenses-for-restaurants-bars-and-nightlife-venues/","https://www.liquorlicenseagents.com/counties/orange-county/orange-county-liquor-licenses-for-restaurants-bars-and-nightlife-venues/","CHANGE TO THE TRAILING-SLASH URL","its canonical target /counties/orange-county-liquor-licenses-for-restaurants-bars-and-nightlife-venues/ returns 301, so pointing at it is a dead end; the trailing-slash spelling is the one this site uses everywhere else"
"https://www.liquorlicenseagents.com/counties/orange-county/orange-county-liquor-licenses-for-restaurants-bars-and-nightlife-venues/","https://www.liquorlicenseagents.com/counties/orange-county-liquor-licenses-for-restaurants-bars-and-nightlife-venues/","https://www.liquorlicenseagents.com/counties/orange-county/orange-county-liquor-licenses-for-restaurants-bars-and-nightlife-venues/","CHANGE TO SELF","its canonical target /counties/orange-county-liquor-licenses-for-restaurants-bars-and-nightlife-venues/ returns 301, so pointing at it is a dead end"
"https://www.liquorlicenseagents.com/counties/san-benito-county/san-benito-county-liquor-licenses-for-restaurants-bars-and-retailers","https://www.liquorlicenseagents.com/counties/san-benito-county-liquor-licenses-for-restaurants-bars-and-retailers/","https://www.liquorlicenseagents.com/counties/san-benito-county/san-benito-county-liquor-licenses-for-restaurants-bars-and-retailers/","CHANGE TO THE TRAILING-SLASH URL","its canonical target /counties/san-benito-county-liquor-licenses-for-restaurants-bars-and-retailers/ returns 301, so pointing at it is a dead end; the trailing-slash spelling is the one this site uses everywhere else"
"https://www.liquorlicenseagents.com/counties/san-benito-county/san-benito-county-liquor-licenses-for-restaurants-bars-and-retailers/","https://www.liquorlicenseagents.com/counties/san-benito-county-liquor-licenses-for-restaurants-bars-and-retailers/","https://www.liquorlicenseagents.com/counties/san-benito-county/san-benito-county-liquor-licenses-for-restaurants-bars-and-retailers/","CHANGE TO SELF","its canonical target /counties/san-benito-county-liquor-licenses-for-restaurants-bars-and-retailers/ returns 301, so pointing at it is a dead end"
"https://www.liquorlicenseagents.com/counties/san-mateo-county/san-mateo-county-liquor-licenses-for-restaurants-bars-and-retailers","https://www.liquorlicenseagents.com/counties/san-mateo-county-liquor-licenses-for-restaurants-bars-and-retailers/","https://www.liquorlicenseagents.com/counties/san-mateo-county/san-mateo-county-liquor-licenses-for-restaurants-bars-and-retailers/","CHANGE TO THE TRAILING-SLASH URL","its canonical target /counties/san-mateo-county-liquor-licenses-for-restaurants-bars-and-retailers/ returns 301, so pointing at it is a dead end; the trailing-slash spelling is the one this site uses everywhere else"
"https://www.liquorlicenseagents.com/counties/san-mateo-county/san-mateo-county-liquor-licenses-for-restaurants-bars-and-retailers/","https://www.liquorlicenseagents.com/counties/san-mateo-county-liquor-licenses-for-restaurants-bars-and-retailers/","https://www.liquorlicenseagents.com/counties/san-mateo-county/san-mateo-county-liquor-licenses-for-restaurants-bars-and-retailers/","CHANGE TO SELF","its canonical target /counties/san-mateo-county-liquor-licenses-for-restaurants-bars-and-retailers/ returns 301, so pointing at it is a dead end"
"https://www.liquorlicenseagents.com/counties/santa-clara-county/santa-clara-county-liquor-licenses-for-restaurants-bars-and-retailers","https://www.liquorlicenseagents.com/counties/santa-clara-county-liquor-licenses-for-restaurants-bars-and-retailers/","https://www.liquorlicenseagents.com/counties/santa-clara-county/santa-clara-county-liquor-licenses-for-restaurants-bars-and-retailers/","CHANGE TO THE TRAILING-SLASH URL","its canonical target /counties/santa-clara-county-liquor-licenses-for-restaurants-bars-and-retailers/ returns 301, so pointing at it is a dead end; the trailing-slash spelling is the one this site uses everywhere else"
"https://www.liquorlicenseagents.com/counties/santa-clara-county/santa-clara-county-liquor-licenses-for-restaurants-bars-and-retailers/","https://www.liquorlicenseagents.com/counties/santa-clara-county-liquor-licenses-for-restaurants-bars-and-retailers/","https://www.liquorlicenseagents.com/counties/santa-clara-county/santa-clara-county-liquor-licenses-for-restaurants-bars-and-retailers/","CHANGE TO SELF","its canonical target /counties/santa-clara-county-liquor-licenses-for-restaurants-bars-and-retailers/ returns 301, so pointing at it is a dead end"
"https://www.liquorlicenseagents.com/counties/santa-cruz-county/santa-cruz-county-liquor-licenses-for-restaurants-bars-and-retailers","https://www.liquorlicenseagents.com/counties/santa-cruz-county-liquor-licenses-for-restaurants-bars-and-retailers/","https://www.liquorlicenseagents.com/counties/santa-cruz-county/santa-cruz-county-liquor-licenses-for-restaurants-bars-and-retailers/","CHANGE TO THE TRAILING-SLASH URL","its canonical target /counties/santa-cruz-county-liquor-licenses-for-restaurants-bars-and-retailers/ returns 301, so pointing at it is a dead end; the trailing-slash spelling is the one this site uses everywhere else"
"https://www.liquorlicenseagents.com/counties/santa-cruz-county/santa-cruz-county-liquor-licenses-for-restaurants-bars-and-retailers/","https://www.liquorlicenseagents.com/counties/santa-cruz-county-liquor-licenses-for-restaurants-bars-and-retailers/","https://www.liquorlicenseagents.com/counties/santa-cruz-county/santa-cruz-county-liquor-licenses-for-restaurants-bars-and-retailers/","CHANGE TO SELF","its canonical target /counties/santa-cruz-county-liquor-licenses-for-restaurants-bars-and-retailers/ returns 301, so pointing at it is a dead end"
"https://www.liquorlicenseagents.com/counties/shasta-county/shasta-county-liquor-licenses-for-restaurants-bars-and-retailers","https://www.liquorlicenseagents.com/counties/shasta-county-liquor-licenses-for-restaurants-bars-and-retailers/","https://www.liquorlicenseagents.com/counties/shasta-county/shasta-county-liquor-licenses-for-restaurants-bars-and-retailers/","CHANGE TO THE TRAILING-SLASH URL","its canonical target /counties/shasta-county-liquor-licenses-for-restaurants-bars-and-retailers/ returns 301, so pointing at it is a dead end; the trailing-slash spelling is the one this site uses everywhere else"
"https://www.liquorlicenseagents.com/counties/shasta-county/shasta-county-liquor-licenses-for-restaurants-bars-and-retailers/","https://www.liquorlicenseagents.com/counties/shasta-county-liquor-licenses-for-restaurants-bars-and-retailers/","https://www.liquorlicenseagents.com/counties/shasta-county/shasta-county-liquor-licenses-for-restaurants-bars-and-retailers/","CHANGE TO SELF","its canonical target /counties/shasta-county-liquor-licenses-for-restaurants-bars-and-retailers/ returns 301, so pointing at it is a dead end"
"https://www.liquorlicenseagents.com/counties/solano-county/solano-county-liquor-licenses-for-restaurants-bars-and-retailers","https://www.liquorlicenseagents.com/counties/solano-county-liquor-licenses-for-restaurants-bars-and-retailers/","https://www.liquorlicenseagents.com/counties/solano-county/solano-county-liquor-licenses-for-restaurants-bars-and-retailers/","CHANGE TO THE TRAILING-SLASH URL","its canonical target /counties/solano-county-liquor-licenses-for-restaurants-bars-and-retailers/ returns 301, so pointing at it is a dead end; the trailing-slash spelling is the one this site uses everywhere else"
"https://www.liquorlicenseagents.com/counties/solano-county/solano-county-liquor-licenses-for-restaurants-bars-and-retailers/","https://www.liquorlicenseagents.com/counties/solano-county-liquor-licenses-for-restaurants-bars-and-retailers/","https://www.liquorlicenseagents.com/counties/solano-county/solano-county-liquor-licenses-for-restaurants-bars-and-retailers/","CHANGE TO SELF","its canonical target /counties/solano-county-liquor-licenses-for-restaurants-bars-and-retailers/ returns 301, so pointing at it is a dead end"
"https://www.liquorlicenseagents.com/counties/ventura-county/ventura-county-liquor-licenses-for-restaurants-bars-and-retailers","https://www.liquorlicenseagents.com/counties/ventura-county-liquor-licenses-for-restaurants-bars-and-retailers/","https://www.liquorlicenseagents.com/counties/ventura-county/ventura-county-liquor-licenses-for-restaurants-bars-and-retailers/","CHANGE TO THE TRAILING-SLASH URL","its canonical target /counties/ventura-county-liquor-licenses-for-restaurants-bars-and-retailers/ returns 301, so pointing at it is a dead end; the trailing-slash spelling is the one this site uses everywhere else"
"https://www.liquorlicenseagents.com/counties/ventura-county/ventura-county-liquor-licenses-for-restaurants-bars-and-retailers/","https://www.liquorlicenseagents.com/counties/ventura-county-liquor-licenses-for-restaurants-bars-and-retailers/","https://www.liquorlicenseagents.com/counties/ventura-county/ventura-county-liquor-licenses-for-restaurants-bars-and-retailers/","CHANGE TO SELF","its canonical target /counties/ventura-county-liquor-licenses-for-restaurants-bars-and-retailers/ returns 301, so pointing at it is a dead end"
"https://www.liquorlicenseagents.com/counties/yolo-county/yolo-county-liquor-licenses-for-restaurants-bars-and-retailers","https://www.liquorlicenseagents.com/counties/yolo-county-liquor-licenses-for-restaurants-bars-and-retailers/","https://www.liquorlicenseagents.com/counties/yolo-county/yolo-county-liquor-licenses-for-restaurants-bars-and-retailers/","CHANGE TO THE TRAILING-SLASH URL","its canonical target /counties/yolo-county-liquor-licenses-for-restaurants-bars-and-retailers/ returns 301, so pointing at it is a dead end; the trailing-slash spelling is the one this site uses everywhere else"
"https://www.liquorlicenseagents.com/counties/yolo-county/yolo-county-liquor-licenses-for-restaurants-bars-and-retailers/","https://www.liquorlicenseagents.com/counties/yolo-county-liquor-licenses-for-restaurants-bars-and-retailers/","https://www.liquorlicenseagents.com/counties/yolo-county/yolo-county-liquor-licenses-for-restaurants-bars-and-retailers/","CHANGE TO SELF","its canonical target /counties/yolo-county-liquor-licenses-for-restaurants-bars-and-retailers/ returns 301, so pointing at it is a dead end"